Model,R2,RMSE,CV_R2_Mean
Gradient Boosting Regressor (No GPA),0.1966934233431914,10.428728990361442,0.1947125945601704
