Model,R2,RMSE,MAE,Accuracy_±5,Accuracy_±10
XGBoost Monotonic,0.1908838152885437,10.466371727288738,8.533742904663086,0.336625,0.65125
